# schema	grammar-role-v2
# authority	fnv1a64:96ce8b5a8c7477c0
slot	kind	spelling	begin	prefix	postfix	parameter	literal	quoted	projection	body	descriptor	pattern	binary	precedence	assoc	compat
0	name	name	1	0	0	0	0	0	0	1	0	1	0	0	0	0
1	int_lit	integer	1	0	0	0	1	0	0	1	0	1	0	0	0	0
2	float_lit	float	1	0	0	0	1	0	0	1	0	1	0	0	0	0
3	-	-	0	0	0	0	0	0	0	0	0	0	0	0	0	0
4	kw_and	and	0	0	0	0	0	0	0	0	0	0	1	4	1	1
5	kw_break	break	0	0	0	0	0	0	0	1	0	0	0	0	0	0
6	kw_continue	continue	0	0	0	0	0	0	0	1	0	0	0	0	0	0
7	kw_do	do	0	0	0	0	0	0	0	1	0	0	0	0	0	1
8	kw_else	else	0	0	0	0	0	0	0	0	0	0	0	0	0	0
9	kw_elseif	elseif	0	0	0	0	0	0	0	0	0	0	0	0	0	1
10	kw_end	end	0	0	0	0	0	0	0	0	0	0	0	0	0	1
11	kw_false	false	1	0	0	0	0	0	0	1	0	1	0	0	0	1
12	kw_for	for	0	0	0	0	0	0	0	1	0	0	0	0	0	0
13	kw_function	function	0	0	0	0	0	0	0	1	0	0	0	0	0	1
14	kw_fun	fun	0	0	0	0	0	0	0	1	0	0	0	0	0	1
15	kw_global	global	0	0	0	0	0	0	0	0	0	0	0	0	0	0
16	kw_goto	goto	0	0	0	0	0	0	0	0	0	0	0	0	0	0
17	kw_if	if	0	0	0	0	0	0	0	1	0	0	0	0	0	0
18	kw_in	in	0	0	0	0	0	0	0	0	0	0	1	6	3	0
19	kw_local	local	0	0	0	0	0	0	0	0	0	0	0	0	0	1
20	kw_nil	nil	1	0	0	0	0	0	0	1	0	1	0	0	0	1
21	kw_not	not	1	1	0	0	0	0	0	1	0	0	0	9	0	0
22	kw_or	or	0	0	0	0	0	0	0	0	0	0	1	2	1	1
23	kw_repeat	repeat	0	0	0	0	0	0	0	0	0	0	0	0	0	0
24	kw_return	return	0	0	0	0	0	0	0	1	0	0	0	0	0	0
25	kw_then	then	0	0	0	0	0	0	0	0	0	0	0	0	0	1
26	kw_true	true	1	0	0	0	0	0	0	1	0	1	0	0	0	1
27	kw_until	until	0	0	0	0	0	0	0	0	0	0	0	0	0	0
28	kw_while	while	0	0	0	0	0	0	0	1	0	0	0	0	0	0
29	kw_const	const	0	0	0	0	0	0	0	0	0	0	0	0	0	1
30	kw_enum	enum	0	0	0	0	0	0	0	0	0	0	0	0	0	0
31	kw_i8	i8	0	0	0	0	0	0	0	0	1	0	0	0	0	0
32	kw_i16	i16	0	0	0	0	0	0	0	0	1	0	0	0	0	0
33	kw_i32	i32	0	0	0	0	0	0	0	0	1	0	0	0	0	0
34	kw_i64	i64	0	0	0	0	0	0	0	0	1	0	0	0	0	0
35	kw_u8	u8	0	0	0	0	0	0	0	0	1	0	0	0	0	0
36	kw_u16	u16	0	0	0	0	0	0	0	0	1	0	0	0	0	0
37	kw_u32	u32	0	0	0	0	0	0	0	0	1	0	0	0	0	0
38	kw_u64	u64	0	0	0	0	0	0	0	0	1	0	0	0	0	0
39	kw_f32	f32	0	0	0	0	0	0	0	0	1	0	0	0	0	0
40	kw_f64	f64	0	0	0	0	0	0	0	0	1	0	0	0	0	0
41	kw_bool	bool	0	0	0	0	0	0	0	0	1	0	0	0	0	0
42	kw_void	void	0	0	0	0	0	0	0	0	1	0	0	0	0	0
43	kw_str	str	0	0	0	0	0	0	0	0	1	0	0	0	0	0
44	kw_match	match	0	0	0	0	0	0	0	1	0	0	0	0	0	0
45	kw_try	try	0	0	0	0	0	0	0	0	0	0	0	0	0	0
46	kw_catch	catch	0	0	0	0	0	0	0	0	0	0	0	0	0	0
47	kw_defer	defer	0	0	0	0	0	0	0	0	0	0	0	0	0	0
48	kw_async	async	0	0	0	0	0	0	0	0	0	0	0	0	0	0
49	kw_await	await	1	1	0	0	0	0	0	0	0	0	0	0	0	0
50	kw_concept	concept	0	0	0	0	0	0	0	0	0	0	0	0	0	0
51	kw_alias	alias	0	0	0	0	0	0	0	0	0	0	0	0	0	0
52	kw_private	private	0	0	0	0	0	0	0	0	0	0	0	0	0	0
53	kw_extends	extends	0	0	0	0	0	0	0	0	0	0	0	0	0	0
54	kw_macro	macro	0	0	0	0	0	0	0	0	0	0	0	0	0	0
55	kw_comptime	comptime	1	1	0	0	0	0	0	0	0	0	0	0	0	0
56	kw_by	by	0	0	0	0	0	0	0	0	0	0	0	0	0	0
57	kw_let	let	0	0	0	0	0	0	0	0	0	0	0	0	0	1
58	lparen	(	1	1	0	0	0	0	0	1	0	0	0	0	0	0
59	rparen	)	0	0	0	0	0	0	0	0	0	0	0	0	0	0
60	lbracket	[	1	0	0	0	0	0	1	0	0	1	0	0	0	0
61	rbracket	]	0	0	0	0	0	0	0	0	0	0	0	0	0	0
62	lbrace	{	1	0	0	0	0	0	0	1	0	1	0	0	0	0
63	rbrace	}	0	0	0	0	0	0	0	0	0	0	0	0	0	0
64	plus	+	0	0	0	0	0	0	0	0	0	0	1	17	1	0
65	minus	-	1	1	0	0	0	0	0	1	0	1	1	17	1	0
66	star	*	0	0	0	0	0	0	0	0	0	0	1	19	1	0
67	slash	/	0	0	0	0	0	0	0	0	0	0	1	19	1	0
68	percent	%	0	0	0	0	0	0	0	0	0	0	1	19	1	0
69	caret	^	0	0	0	0	0	0	0	0	0	0	1	23	2	0
70	hash	#	1	1	0	0	0	0	0	1	0	0	0	0	0	1
71	amp	&	0	0	0	0	0	0	0	0	0	0	1	11	1	0
72	pipe	|	0	0	0	0	0	0	0	1	0	0	1	7	1	0
73	lt	<	0	0	0	0	0	0	0	0	0	0	1	6	3	0
74	gt	>	0	0	0	0	0	0	0	0	0	0	1	6	3	0
75	assign	=	0	0	0	0	0	0	0	0	0	0	0	1	2	0
76	tilde	~	1	1	0	0	0	0	0	0	0	0	1	9	1	0
77	semi	;	0	0	0	0	0	0	0	0	0	0	0	0	0	0
78	colon	:	0	0	0	1	0	0	1	0	0	0	0	0	0	0
79	comma	,	1	0	0	0	0	0	0	0	0	0	0	0	0	0
80	dot	.	0	0	1	0	0	0	1	0	0	0	0	10	0	0
81	at	@	1	0	0	0	0	0	0	1	0	0	0	19	1	0
82	question	?	0	0	0	0	0	0	0	0	0	0	0	0	0	0
83	bang	!	1	1	0	0	0	0	0	0	0	0	0	9	0	0
84	backtick	`	0	0	0	0	0	0	0	0	0	0	0	0	0	1
85	concat	..	0	0	0	0	0	0	0	0	0	0	1	16	2	1
86	dots	...	1	0	0	0	0	0	0	0	0	1	0	0	0	0
87	hash_hash	##	1	1	0	0	0	0	0	0	0	0	0	0	0	1
88	eq	==	0	0	0	0	0	0	0	0	0	0	1	6	3	0
89	neq	!=	0	0	0	0	0	0	0	0	0	0	1	6	3	0
90	leq	<=	0	0	0	0	0	0	0	0	0	0	1	6	3	0
91	geq	>=	0	0	0	0	0	0	0	0	0	0	1	6	3	0
92	lshift	<<	0	0	0	0	0	0	0	0	0	0	1	13	1	0
93	rshift	>>	0	0	0	0	0	0	0	0	0	0	1	13	1	0
94	idiv	//	0	0	0	0	0	0	0	0	0	0	1	19	1	0
95	dcolon	::	0	0	0	0	0	0	0	0	0	0	0	0	0	0
96	arrow	->	0	0	0	0	0	0	0	0	0	0	0	0	0	0
97	pipe_gt	|>	0	0	0	0	0	0	0	0	0	0	1	1	1	0
98	fat_arrow	=>	0	0	0	0	0	0	0	0	0	0	0	0	0	0
99	plus_assign	+=	0	0	0	0	0	0	0	0	0	0	0	1	2	0
100	minus_assign	-=	0	0	0	0	0	0	0	0	0	0	0	1	2	0
101	star_assign	*=	0	0	0	0	0	0	0	0	0	0	0	1	2	0
102	slash_assign	/=	0	0	0	0	0	0	0	0	0	0	0	1	2	0
103	percent_assign	%=	0	0	0	0	0	0	0	0	0	0	0	1	2	0
104	caret_assign	^=	0	0	0	0	0	0	0	0	0	0	0	1	2	0
105	text_lit	text	1	0	0	0	1	1	0	1	0	1	0	0	0	0
106	bytes_lit	bytes	1	0	0	0	1	1	0	1	0	1	0	0	0	0
107	compat_text_lit	compat_text	1	0	0	0	1	1	0	1	0	1	0	0	0	1
108	compat_long_text_lit	compat_long_text	1	0	0	0	1	1	0	1	0	1	0	0	0	1
109	eof	<eof>	0	0	0	0	0	0	0	0	0	0	0	0	0	0
110	shebang	#!	0	0	0	0	0	0	0	0	0	0	0	0	0	0
111	comment	#	0	0	0	0	0	0	0	0	0	0	0	0	0	0
112	compat_comment	--	0	0	0	0	0	0	0	0	0	0	0	0	0	1
113	compat_long_comment	--[[	0	0	0	0	0	0	0	0	0	0	0	0	0	1
