id,section,section_name,title,graph,status,census_rank
1,I,P0 foundations,"General relation-law algebra, not only ad hoc optimizer predicates",C,partial,2
2,I,P0 foundations,Relations between relations,C,partial,2
3,I,P0 foundations,Galois-connection / abstraction-refinement machinery,C,partial,
4,I,P0 foundations,General monotone fixpoint engine,C,partial,4
5,I,P0 foundations,Refinement as a first-class transformation law,C,partial,6
6,I,P0 foundations,Exact semantic correspondence across incarnations,C,partial,
7,I,P0 foundations,Complete observation algebra,C,partial,1
8,I,P0 foundations,Complete demand algebra,C,partial,1
9,I,P0 foundations,Change / derivative algebra,C,partial,5
10,I,P0 foundations,Proof object economy,C,partial,
11,II,"Partial evaluation, staging and Futamura",Interpreter specialization as a general compiler mechanism,D,law,8
12,II,"Partial evaluation, staging and Futamura",Second Futamura projection for compiler generation,D,law,
13,II,"Partial evaluation, staging and Futamura",Third Futamura projection / compiler-generator capability,D,law,
14,II,"Partial evaluation, staging and Futamura",Binding-time analysis as graph facts,D,law,
15,II,"Partial evaluation, staging and Futamura",Multi-stage residualization,D,law,
16,II,"Partial evaluation, staging and Futamura",Cross-stage persistence with exact provenance,D,law,
17,II,"Partial evaluation, staging and Futamura",Staged interpreter collapse,D,law,
18,II,"Partial evaluation, staging and Futamura",Runtime specialization without permanent JIT architecture,D,law,
19,II,"Partial evaluation, staging and Futamura",Self-specializing compiler components,D,law,
20,II,"Partial evaluation, staging and Futamura",Stage-polymorphic standard relations,D,law,
21,III,"Equality saturation, term rewriting and theorem-guided search",Sparse equivalence classes attached to semantic ids,C,protocol,
22,III,"Equality saturation, term rewriting and theorem-guided search",Conditional rewrite laws,C,protocol,
23,III,"Equality saturation, term rewriting and theorem-guided search",Typed/lawset-aware equality saturation,C,protocol,
24,III,"Equality saturation, term rewriting and theorem-guided search",Demand-directed saturation,C,protocol,
25,III,"Equality saturation, term rewriting and theorem-guided search",Cost-aware saturation scheduling,C,protocol,7
26,III,"Equality saturation, term rewriting and theorem-guided search",Persistent equivalence knowledge across builds,C,protocol,
27,III,"Equality saturation, term rewriting and theorem-guided search",Cross-relation rewrite synthesis,C,protocol,
28,III,"Equality saturation, term rewriting and theorem-guided search",Bidirectional rewrite orientation,C,protocol,
29,III,"Equality saturation, term rewriting and theorem-guided search",Equivalence modulo representation,C,protocol,
30,III,"Equality saturation, term rewriting and theorem-guided search",Equivalence modulo world/effect constraints,C,protocol,
31,III,"Equality saturation, term rewriting and theorem-guided search",Higher-order equivalence,C,protocol,
32,III,"Equality saturation, term rewriting and theorem-guided search",Rewrite-law provenance and trust,C,protocol,
33,IV,Superoptimization and synthesis,Instruction superoptimization,D,protocol,
34,IV,Superoptimization and synthesis,Semantic-region superoptimization,D,protocol,
35,IV,Superoptimization and synthesis,CEGIS / counterexample-guided synthesis,D,protocol,
36,IV,Superoptimization and synthesis,SMT-backed synthesis,D,protocol,
37,IV,Superoptimization and synthesis,Sketch-guided synthesis,D,protocol,
38,IV,Superoptimization and synthesis,Program-by-example optimization,D,protocol,
39,IV,Superoptimization and synthesis,Agent-generated optimization candidates,D,protocol,
40,IV,Superoptimization and synthesis,Competitor-binary mining,D,protocol,
41,IV,Superoptimization and synthesis,Rule generalization,D,protocol,
42,IV,Superoptimization and synthesis,"Search across algorithm families, not just instruction families",D,protocol,
43,IV,Superoptimization and synthesis,Offline synthesis databases per target,D,protocol,
44,V,Verified compilation / proof-carrying compilation,Translation validation for every important transformation,C,partial,12
45,V,Verified compilation / proof-carrying compilation,Translation validation for final graph-region → machine region,C,partial,
46,V,Verified compilation / proof-carrying compilation,Target instruction formal semantics,C,partial,
47,V,Verified compilation / proof-carrying compilation,Memory-model formal semantics,C,partial,
48,V,Verified compilation / proof-carrying compilation,ABI refinement validation,C,partial,
49,V,Verified compilation / proof-carrying compilation,Foreign-boundary refinement validation,C,partial,
50,V,Verified compilation / proof-carrying compilation,Proof-carrying machine fragments,C,partial,
51,V,Verified compilation / proof-carrying compilation,Proof-carrying cache entries,C,partial,
52,V,Verified compilation / proof-carrying compilation,Proof-carrying profile specialization,C,partial,
53,V,Verified compilation / proof-carrying compilation,Proof-carrying JIT patches,C,partial,
54,V,Verified compilation / proof-carrying compilation,Proof-carrying agent-generated code,C,partial,
55,V,Verified compilation / proof-carrying compilation,Differential semantic execution as fallback proof technique,C,partial,
56,V,Verified compilation / proof-carrying compilation,Randomized / fuzz refinement controls where formal proof is unavailable,C,partial,
57,V,Verified compilation / proof-carrying compilation,Proof minimization and replay,C,partial,
58,VI,Polyhedral and affine compilation,Affine relation detection from graph relations,D,research,9
59,VI,Polyhedral and affine compilation,Iteration-domain sets,D,research,
60,VI,Polyhedral and affine compilation,Access relations,D,research,
61,VI,Polyhedral and affine compilation,Dependence polyhedra,D,research,
62,VI,Polyhedral and affine compilation,Loop interchange,D,research,
63,VI,Polyhedral and affine compilation,Loop tiling/blocking,D,research,
64,VI,Polyhedral and affine compilation,Loop fusion/fission/distribution,D,research,
65,VI,Polyhedral and affine compilation,Loop skewing when cost model justifies it,D,research,
66,VI,Polyhedral and affine compilation,Loop reversal,D,research,
67,VI,Polyhedral and affine compilation,Strip mining,D,research,
68,VI,Polyhedral and affine compilation,Loop coalescing,D,research,
69,VI,Polyhedral and affine compilation,Software pipelining,D,research,
70,VI,Polyhedral and affine compilation,Wavefront parallelization,D,research,
71,VI,Polyhedral and affine compilation,Automatic prefetch scheduling,D,research,
72,VI,Polyhedral and affine compilation,DMA scheduling for accelerators,D,research,
73,VI,Polyhedral and affine compilation,Memory-layout transformations derived from access geometry,D,research,
74,VI,Polyhedral and affine compilation,Affine index linearization/delinearization,D,research,
75,VI,Polyhedral and affine compilation,Dependence-guided parallel execution,D,research,
76,VI,Polyhedral and affine compilation,Piecewise/quasi-affine extension,D,research,
77,VI,Polyhedral and affine compilation,Presburger reasoning where useful,D,research,
78,VII,DSL-style schedule separation and autotuning,Semantic computation vs physical schedule separation,D,partial,11
79,VII,DSL-style schedule separation and autotuning,Schedule search as realization search,D,partial,
80,VII,DSL-style schedule separation and autotuning,Loop ordering/tile sizes/unroll/vector widths as realization facts,D,partial,
81,VII,DSL-style schedule separation and autotuning,Thread/block mapping search,D,partial,
82,VII,DSL-style schedule separation and autotuning,GPU occupancy-aware schedule search,D,partial,
83,VII,DSL-style schedule separation and autotuning,Cache hierarchy-aware tiling,D,partial,
84,VII,DSL-style schedule separation and autotuning,NUMA-aware placement,D,partial,
85,VII,DSL-style schedule separation and autotuning,Prefetch distance tuning,D,partial,
86,VII,DSL-style schedule separation and autotuning,Parallel grain-size tuning,D,partial,
87,VII,DSL-style schedule separation and autotuning,Persistent tuning database,D,partial,
88,VII,DSL-style schedule separation and autotuning,Cross-program reuse of schedule knowledge,D,partial,
89,VII,DSL-style schedule separation and autotuning,Cross-device transfer learning for schedule cost models,D,partial,
90,VII,DSL-style schedule separation and autotuning,Zero-search rule-based baseline + selective search for hot regions,D,partial,
91,VII,DSL-style schedule separation and autotuning,Profile-guided re-tuning,D,partial,
92,VII,DSL-style schedule separation and autotuning,Runtime schedule migration for long-running systems,D,partial,
93,VII,DSL-style schedule separation and autotuning,Autotuned memory layout,D,partial,
94,VII,DSL-style schedule separation and autotuning,Autotuned compression/encoding selection,D,partial,
95,VII,DSL-style schedule separation and autotuning,Autotuned foreign-call batching,D,partial,
96,VIII,Hardware synthesis / CIRCT / HLS,Semantic region → synthesized hardware pipeline,D,research,16
97,VIII,Hardware synthesis / CIRCT / HLS,Latency/throughput/resource constraints as demand,D,research,
98,VIII,Hardware synthesis / CIRCT / HLS,Bitwidth minimization using exact range/known-bits facts,D,research,
99,VIII,Hardware synthesis / CIRCT / HLS,Pipeline initiation-interval optimization,D,research,
100,VIII,Hardware synthesis / CIRCT / HLS,Register retiming,D,research,
101,VIII,Hardware synthesis / CIRCT / HLS,Streaming dataflow realization,D,research,
102,VIII,Hardware synthesis / CIRCT / HLS,On-chip memory banking,D,research,
103,VIII,Hardware synthesis / CIRCT / HLS,BRAM/URAM/local memory inference,D,research,
104,VIII,Hardware synthesis / CIRCT / HLS,ROM inference,D,research,
105,VIII,Hardware synthesis / CIRCT / HLS,Shift-register recognition,D,research,
106,VIII,Hardware synthesis / CIRCT / HLS,Operator sharing vs duplication,D,research,
107,VIII,Hardware synthesis / CIRCT / HLS,Area vs latency vs energy Pareto choice,D,research,
108,VIII,Hardware synthesis / CIRCT / HLS,Custom instruction synthesis,D,research,
109,VIII,Hardware synthesis / CIRCT / HLS,FPGA partial reconfiguration realization,D,research,
110,VIII,Hardware synthesis / CIRCT / HLS,ASIC specialization candidate generation,D,research,
111,VIII,Hardware synthesis / CIRCT / HLS,Near-memory / processing-in-memory placement,D,research,
112,VIII,Hardware synthesis / CIRCT / HLS,FPGA/GPU/CPU heterogeneous partitioning from one graph,D,research,
113,VIII,Hardware synthesis / CIRCT / HLS,Network-on-chip communication cost modeling,D,research,
114,VIII,Hardware synthesis / CIRCT / HLS,Clock-domain / synchronization realization facts,D,research,
115,VIII,Hardware synthesis / CIRCT / HLS,Approximate hardware realization where demand permits bounded error,D,research,
116,IX,Dataflow / streaming / graph execution,General dataflow interpretation of dependency graph,D,partial,
117,IX,Dataflow / streaming / graph execution,Actor fusion,D,partial,
118,IX,Dataflow / streaming / graph execution,Producer-consumer fusion,D,partial,
119,IX,Dataflow / streaming / graph execution,Streaming buffer minimization,D,partial,
120,IX,Dataflow / streaming / graph execution,Pipeline depth selection,D,partial,
121,IX,Dataflow / streaming / graph execution,Backpressure semantics,D,partial,
122,IX,Dataflow / streaming / graph execution,Bounded-buffer inference,D,partial,
123,IX,Dataflow / streaming / graph execution,Static scheduling of synchronous dataflow,D,partial,
124,IX,Dataflow / streaming / graph execution,Dynamic scheduling only where statically unavoidable,D,partial,
125,IX,Dataflow / streaming / graph execution,Batching vs streaming realization choice,D,partial,
126,IX,Dataflow / streaming / graph execution,Buffer reuse across nonoverlapping lifetimes,D,partial,
127,IX,Dataflow / streaming / graph execution,Cross-stage stream fusion,D,partial,
128,IX,Dataflow / streaming / graph execution,Network/distributed stream partitioning,D,partial,
129,IX,Dataflow / streaming / graph execution,Zero-copy sink/source chaining,D,partial,
130,IX,Dataflow / streaming / graph execution,Incremental stream computation,D,partial,
131,X,Database/query compiler territory,Query-style relation ordering,D,partial,
132,X,Database/query compiler territory,Join-order optimization,D,partial,
133,X,Database/query compiler territory,"Join algorithm selection: hash, sort-merge, nested loop, index lookup",D,partial,
134,X,Database/query compiler territory,Predicate pushdown,D,partial,
135,X,Database/query compiler territory,Projection pushdown,D,partial,
136,X,Database/query compiler territory,Late materialization,D,partial,
137,X,Database/query compiler territory,Vectorized execution,D,partial,
138,X,Database/query compiler territory,Compiled query execution,D,partial,
139,X,Database/query compiler territory,Morsel-driven parallelism,D,partial,
140,X,Database/query compiler territory,Adaptive joins,D,partial,
141,X,Database/query compiler territory,Cardinality estimation as uncertainty facts,D,partial,
142,X,Database/query compiler territory,Statistics propagation,D,partial,
143,X,Database/query compiler territory,Cost-based plan enumeration,D,partial,
144,X,Database/query compiler territory,Runtime reoptimization when estimates fail,D,partial,
145,X,Database/query compiler territory,Index synthesis,D,partial,
146,X,Database/query compiler territory,Perfect hash synthesis,D,partial,
147,X,Database/query compiler territory,Bloom-filter insertion,D,partial,
148,X,Database/query compiler territory,Materialized-view reuse,D,partial,
149,X,Database/query compiler territory,Incremental view maintenance,D,partial,
150,X,Database/query compiler territory,Column vs row representation selection,D,partial,
151,X,Database/query compiler territory,Compression encoding selection,D,partial,
152,X,Database/query compiler territory,Predicate/vector fusion,D,partial,
153,X,Database/query compiler territory,Compilation tiers tuned to query lifetime,D,partial,
154,XI,Incremental and self-adjusting computation,Demand-driven semantic queries,E,protocol,
155,XI,Incremental and self-adjusting computation,Memoized graph fact queries,E,protocol,
156,XI,Incremental and self-adjusting computation,Fine-grained dependency tracking,E,protocol,
157,XI,Incremental and self-adjusting computation,Dynamic dependency discovery,E,protocol,
158,XI,Incremental and self-adjusting computation,Minimal invalidation,E,protocol,
159,XI,Incremental and self-adjusting computation,Self-adjusting evaluation,E,protocol,
160,XI,Incremental and self-adjusting computation,Change propagation through arbitrary relations,E,protocol,
161,XI,Incremental and self-adjusting computation,Incremental parser state,E,protocol,
162,XI,Incremental and self-adjusting computation,Incremental semantic graph,E,protocol,
163,XI,Incremental and self-adjusting computation,Incremental specialization,E,protocol,
164,XI,Incremental and self-adjusting computation,Incremental machine-region regeneration,E,protocol,
165,XI,Incremental and self-adjusting computation,Incremental linker/object section regeneration,E,protocol,
166,XI,Incremental and self-adjusting computation,Incremental optimization proof reuse,E,protocol,
167,XI,Incremental and self-adjusting computation,Cross-process persistent query cache,E,protocol,
168,XI,Incremental and self-adjusting computation,Distributed semantic cache,E,protocol,
169,XI,Incremental and self-adjusting computation,Speculative parallel query execution,E,protocol,
170,XI,Incremental and self-adjusting computation,Priority scheduling based on user-visible demand,E,protocol,
171,XII,Sea-of-Nodes / control-data unification,Control dependency represented as ordinary semantic dependency where possible,D,partial,
172,XII,Sea-of-Nodes / control-data unification,Global value numbering from identity + facts,D,partial,
173,XII,Sea-of-Nodes / control-data unification,"Dominance as derived physical/control fact, not fundamental semantics",D,partial,
174,XII,Sea-of-Nodes / control-data unification,Control elimination when data/guard facts make it unnecessary,D,partial,
175,XII,Sea-of-Nodes / control-data unification,Schedule late from partially ordered dependencies,D,partial,
176,XII,Sea-of-Nodes / control-data unification,Pinned vs movable effects,D,partial,
177,XII,Sea-of-Nodes / control-data unification,Global common-subexpression elimination across control regions,D,partial,
178,XII,Sea-of-Nodes / control-data unification,Memory dependence integration without separate MemorySSA ontology,D,partial,
179,XII,Sea-of-Nodes / control-data unification,Late block formation,D,partial,
180,XII,Sea-of-Nodes / control-data unification,Late instruction scheduling,D,partial,
181,XIII,Escape analysis and virtualization à la Graal/Truffle,Virtual objects that never materialize,D,partial,13
182,XIII,Escape analysis and virtualization à la Graal/Truffle,Partial escape analysis,D,partial,
183,XIII,Escape analysis and virtualization à la Graal/Truffle,Object scalar replacement across calls,D,partial,
184,XIII,Escape analysis and virtualization à la Graal/Truffle,Virtual closure environments,D,partial,
185,XIII,Escape analysis and virtualization à la Graal/Truffle,Virtual result packs,D,partial,
186,XIII,Escape analysis and virtualization à la Graal/Truffle,Virtual iterators,D,partial,
187,XIII,Escape analysis and virtualization à la Graal/Truffle,Virtual errors/outcomes,D,partial,
188,XIII,Escape analysis and virtualization à la Graal/Truffle,Virtual string builders,D,partial,
189,XIII,Escape analysis and virtualization à la Graal/Truffle,Virtual world/capability contexts,D,partial,
190,XIII,Escape analysis and virtualization à la Graal/Truffle,Virtual coroutine frames,D,partial,
191,XIII,Escape analysis and virtualization à la Graal/Truffle,Deoptimization reconstruction recipes,D,partial,
192,XIII,Escape analysis and virtualization à la Graal/Truffle,Debugger reconstruction without retaining physical objects,D,partial,
193,XIV,Speculative specialization / deoptimization,Guarded shape specialization,D,partial,
194,XIV,Speculative specialization / deoptimization,Guarded relation-target specialization,D,partial,
195,XIV,Speculative specialization / deoptimization,Guarded value/range specialization,D,partial,
196,XIV,Speculative specialization / deoptimization,Guarded world sealing,D,partial,
197,XIV,Speculative specialization / deoptimization,Guarded effect assumptions,D,partial,
198,XIV,Speculative specialization / deoptimization,Polymorphic inline caches,D,partial,
199,XIV,Speculative specialization / deoptimization,Megamorphic fallback only when needed,D,partial,
200,XIV,Speculative specialization / deoptimization,On-stack replacement,D,partial,
201,XIV,Speculative specialization / deoptimization,Deoptimization metadata generated from semantic provenance,D,partial,
202,XIV,Speculative specialization / deoptimization,Speculation budgets,D,partial,
203,XIV,Speculative specialization / deoptimization,Speculation profitability models,D,partial,
204,XIV,Speculative specialization / deoptimization,Speculation invalidation through exact dependencies,D,partial,
205,XIV,Speculative specialization / deoptimization,Cross-run speculation persistence,D,partial,
206,XIV,Speculative specialization / deoptimization,Tierless speculative AOT/JIT continuum,D,partial,
207,XV,Profile-guided and feedback-directed optimization,Edge/application execution frequency,A,partial,
208,XV,Profile-guided and feedback-directed optimization,Value profiles,A,partial,
209,XV,Profile-guided and feedback-directed optimization,Relation-target profiles,A,partial,
210,XV,Profile-guided and feedback-directed optimization,Shape profiles,A,partial,
211,XV,Profile-guided and feedback-directed optimization,Allocation profiles,A,partial,
212,XV,Profile-guided and feedback-directed optimization,Memory locality profiles,A,partial,
213,XV,Profile-guided and feedback-directed optimization,Branch probability,A,partial,
214,XV,Profile-guided and feedback-directed optimization,Path profiles,A,partial,
215,XV,Profile-guided and feedback-directed optimization,Hardware counter profiles,A,partial,
216,XV,Profile-guided and feedback-directed optimization,Cache miss profiles,A,partial,
217,XV,Profile-guided and feedback-directed optimization,Energy/thermal profiles,A,partial,
218,XV,Profile-guided and feedback-directed optimization,Latency tail profiles,A,partial,
219,XV,Profile-guided and feedback-directed optimization,Online profile decay,A,partial,
220,XV,Profile-guided and feedback-directed optimization,Per-world profile separation,A,partial,
221,XV,Profile-guided and feedback-directed optimization,Profile-guided code layout,A,partial,
222,XV,Profile-guided and feedback-directed optimization,Profile-guided data layout,A,partial,
223,XV,Profile-guided and feedback-directed optimization,Profile-guided specialization,A,partial,
224,XV,Profile-guided and feedback-directed optimization,Profile-guided optimization-budget allocation,A,partial,
225,XV,Profile-guided and feedback-directed optimization,Profile evidence never changes semantic meaning,A,partial,
226,XVI,Post-link / binary optimization,BOLT-like basic-block layout,D,protocol,
227,XVI,Post-link / binary optimization,Function reordering,D,protocol,
228,XVI,Post-link / binary optimization,Hot/cold splitting,D,protocol,
229,XVI,Post-link / binary optimization,Identical code folding,D,protocol,
230,XVI,Post-link / binary optimization,Constant merging,D,protocol,
231,XVI,Post-link / binary optimization,Section ordering,D,protocol,
232,XVI,Post-link / binary optimization,Relocation reduction,D,protocol,
233,XVI,Post-link / binary optimization,Startup page minimization,D,protocol,
234,XVI,Post-link / binary optimization,I-cache packing,D,protocol,
235,XVI,Post-link / binary optimization,Branch-distance optimization,D,protocol,
236,XVI,Post-link / binary optimization,Thunk elimination,D,protocol,
237,XVI,Post-link / binary optimization,PLT/GOT bypass where sealed,D,protocol,
238,XVI,Post-link / binary optimization,Direct call relaxation,D,protocol,
239,XVI,Post-link / binary optimization,Link-time dead stripping from semantic reachability,D,protocol,
240,XVI,Post-link / binary optimization,Semantic-aware post-link optimization preserving lineage back to graph ids,D,protocol,
241,XVII,Whole-program and closed-world optimization,Exact reachable relation closure,C,partial,15
242,XVII,Whole-program and closed-world optimization,Runtime library DCE,C,partial,
243,XVII,Whole-program and closed-world optimization,Dynamic lookup elimination,C,partial,
244,XVII,Whole-program and closed-world optimization,Metatable elimination,C,partial,
245,XVII,Whole-program and closed-world optimization,Reflection elimination or partial retention,C,partial,
246,XVII,Whole-program and closed-world optimization,Scheduler elimination,C,partial,
247,XVII,Whole-program and closed-world optimization,GC elimination,C,partial,
248,XVII,Whole-program and closed-world optimization,Exception runtime elimination,C,partial,
249,XVII,Whole-program and closed-world optimization,Allocator elimination,C,partial,
250,XVII,Whole-program and closed-world optimization,Foreign adapter elimination,C,partial,
251,XVII,Whole-program and closed-world optimization,Module system elimination after ingress,C,partial,
252,XVII,Whole-program and closed-world optimization,Constant world folding,C,partial,
253,XVII,Whole-program and closed-world optimization,Cross-package inlining,C,partial,
254,XVII,Whole-program and closed-world optimization,Whole-program shape sealing,C,partial,
255,XVII,Whole-program and closed-world optimization,Whole-program ownership/lifetime inference,C,partial,
256,XVIII,Numerical computing beyond primitive-zero,Arbitrary precision exact constants retained until demand,C,partial,
257,XVIII,Numerical computing beyond primitive-zero,Known-bits analysis,C,partial,
258,XVIII,Numerical computing beyond primitive-zero,Range-selected machine width,C,partial,
259,XVIII,Numerical computing beyond primitive-zero,Overflow-law propagation,C,partial,
260,XVIII,Numerical computing beyond primitive-zero,Signed/unsigned operation convergence where laws coincide,C,partial,
261,XVIII,Numerical computing beyond primitive-zero,Mixed precision,C,partial,
262,XVIII,Numerical computing beyond primitive-zero,Error-bound propagation,C,partial,
263,XVIII,Numerical computing beyond primitive-zero,Floating-point reassociation under explicit lawsets,C,partial,
264,XVIII,Numerical computing beyond primitive-zero,Interval arithmetic,C,partial,
265,XVIII,Numerical computing beyond primitive-zero,Affine arithmetic,C,partial,
266,XVIII,Numerical computing beyond primitive-zero,Stochastic rounding,C,partial,
267,XVIII,Numerical computing beyond primitive-zero,Posit/bfloat/fp8 target realization where demanded,C,partial,
268,XVIII,Numerical computing beyond primitive-zero,"Fast-math as granular facts, never one unsafe switch",C,partial,
269,XVIII,Numerical computing beyond primitive-zero,Polynomial approximation synthesis,C,partial,
270,XVIII,Numerical computing beyond primitive-zero,Range-reduced transcendental specialization,C,partial,
271,XVIII,Numerical computing beyond primitive-zero,FMA formation,C,partial,
272,XVIII,Numerical computing beyond primitive-zero,Reciprocal approximation + refinement,C,partial,
273,XVIII,Numerical computing beyond primitive-zero,Vector math library substitution,C,partial,
274,XVIII,Numerical computing beyond primitive-zero,Exact algebraic simplification before rounding commitment,C,partial,
275,XIX,Automatic differentiation and semantic derivatives,Forward-mode AD,B,protocol,
276,XIX,Automatic differentiation and semantic derivatives,Reverse-mode AD,B,protocol,
277,XIX,Automatic differentiation and semantic derivatives,Mixed-mode AD,B,protocol,
278,XIX,Automatic differentiation and semantic derivatives,Higher derivatives,B,protocol,
279,XIX,Automatic differentiation and semantic derivatives,Sparse Jacobian/Hessian structure,B,protocol,
280,XIX,Automatic differentiation and semantic derivatives,Checkpointing vs recomputation choice,B,protocol,
281,XIX,Automatic differentiation and semantic derivatives,Activity analysis as demand,B,protocol,
282,XIX,Automatic differentiation and semantic derivatives,Differentiability laws as relation facts,B,protocol,
283,XIX,Automatic differentiation and semantic derivatives,Custom derivative relation laws,B,protocol,
284,XIX,Automatic differentiation and semantic derivatives,Derivative optimization through same graph,B,protocol,
285,XIX,Automatic differentiation and semantic derivatives,Incremental change algebra and calculus unified where possible,B,protocol,
286,XX,Probabilistic / approximate computing,Probabilistic values/distributions as semantic domains where actually demanded,B,law,
287,XX,Probabilistic / approximate computing,Expectation/moment demand,B,law,
288,XX,Probabilistic / approximate computing,Approximate inference selection,B,law,
289,XX,Probabilistic / approximate computing,Sampling strategy realization,B,law,
290,XX,Probabilistic / approximate computing,Accuracy-cost Pareto realization,B,law,
291,XX,Probabilistic / approximate computing,Confidence interval propagation,B,law,
292,XX,Probabilistic / approximate computing,Approximate memoization,B,law,
293,XX,Probabilistic / approximate computing,Probabilistic profiling / uncertain cost models,B,law,
294,XX,Probabilistic / approximate computing,Error-tolerant computation elimination,B,law,
295,XX,Probabilistic / approximate computing,Approximate storage/compression,B,law,
296,XX,Probabilistic / approximate computing,Monte-Carlo vs analytic realization selection,B,law,
297,XXI,Reversible computing / information theory,Track information destruction explicitly,E,research,
298,XXI,Reversible computing / information theory,Invertible relation facts,E,research,
299,XXI,Reversible computing / information theory,Reversible realization where energy/security/rollback demand rewards it,E,research,
300,XXI,Reversible computing / information theory,Recompute vs store from invertibility,E,research,
301,XXI,Reversible computing / information theory,Minimal sufficient state for recovery,E,research,
302,XXI,Reversible computing / information theory,Entropy/information-content-driven representation,E,research,
303,XXI,Reversible computing / information theory,Lossless compression selected from proven distributions/structure,E,research,
304,XXI,Reversible computing / information theory,Lower bounds from information theory,E,research,
305,XXII,Capability machines and authority algebra,Authority derivation graph,C,partial,18
306,XXII,Capability machines and authority algebra,Monotonic authority attenuation,C,partial,
307,XXII,Capability machines and authority algebra,Capability bounds as semantic facts,C,partial,
308,XXII,Capability machines and authority algebra,Permission sets,C,partial,
309,XXII,Capability machines and authority algebra,Sealed/opaque authority,C,partial,
310,XXII,Capability machines and authority algebra,Delegation,C,partial,
311,XXII,Capability machines and authority algebra,Revocation,C,partial,
312,XXII,Capability machines and authority algebra,Temporal authority,C,partial,
313,XXII,Capability machines and authority algebra,World-local capabilities,C,partial,
314,XXII,Capability machines and authority algebra,Proof of authority carried to machine access,C,partial,
315,XXII,Capability machines and authority algebra,Hardware CHERI realization where target provides it,C,partial,
316,XXII,Capability machines and authority algebra,Software capability erasure when static proof makes runtime checks unnecessary,C,partial,
317,XXIII,Injection algebra / context algebra,"Injection as fact extension, not dependency-container lookup",C,partial,19
318,XXIII,Injection algebra / context algebra,Projection as fact restriction / view,C,partial,
319,XXIII,Injection algebra / context algebra,Interjection as scoped replacement/override of a fact,C,partial,
320,XXIII,Injection algebra / context algebra,World composition,C,partial,
321,XXIII,Injection algebra / context algebra,World intersection,C,partial,
322,XXIII,Injection algebra / context algebra,World difference,C,partial,
323,XXIII,Injection algebra / context algebra,World refinement,C,partial,
324,XXIII,Injection algebra / context algebra,World sealing,C,partial,
325,XXIII,Injection algebra / context algebra,World morphisms between compatible fact domains,C,partial,
326,XXIII,Injection algebra / context algebra,Injection commutativity rules,C,partial,
327,XXIII,Injection algebra / context algebra,Injection shadowing/conflict rules,C,partial,
328,XXIII,Injection algebra / context algebra,Idempotent injections where facts match,C,partial,
329,XXIII,Injection algebra / context algebra,Monotone injection of authority,C,partial,
330,XXIII,Injection algebra / context algebra,Nonmonotone override explicitly distinguished from extension,C,partial,
331,XXIII,Injection algebra / context algebra,Injection provenance,C,partial,
332,XXIII,Injection algebra / context algebra,Injection lifetime/stage,C,partial,
333,XXIII,Injection algebra / context algebra,Injection dependencies,C,partial,
334,XXIII,Injection algebra / context algebra,Injected fact specialization,C,partial,
335,XXIII,Injection algebra / context algebra,World parameter elimination when injected fact is statically known,C,partial,
336,XXIII,Injection algebra / context algebra,World difference as minimal environment required by a relation,C,partial,
337,XXIII,Injection algebra / context algebra,Automatic environment minimization,C,partial,
338,XXIII,Injection algebra / context algebra,Capability inference from required effects,C,partial,
339,XXIII,Injection algebra / context algebra,Inverse injection queries: what facts must be supplied to make this application valid?,C,partial,
340,XXIII,Injection algebra / context algebra,Partial world solving,C,partial,
341,XXIII,Injection algebra / context algebra,Cross-world equivalence,C,partial,
342,XXIII,Injection algebra / context algebra,World quotienting,C,partial,
343,XXIII,Injection algebra / context algebra,Injection fusion,C,partial,
344,XXIII,Injection algebra / context algebra,Injection hoisting/sinking according to lifetime and demand,C,partial,
345,XXIII,Injection algebra / context algebra,World caching by exact fact closure,C,partial,
346,XXIV,Optics / lenses / bidirectional transformations,Lens-like get/update laws,B,research,
347,XXIV,Optics / lenses / bidirectional transformations,Prisms for variant/case projection,B,research,
348,XXIV,Optics / lenses / bidirectional transformations,Traversals for structured multi-focus projection,B,research,
349,XXIV,Optics / lenses / bidirectional transformations,Bidirectional transformations,B,research,
350,XXIV,Optics / lenses / bidirectional transformations,Update propagation from projection back to source,B,research,
351,XXIV,Optics / lenses / bidirectional transformations,View maintenance,B,research,
352,XXIV,Optics / lenses / bidirectional transformations,Projection fusion,B,research,
353,XXIV,Optics / lenses / bidirectional transformations,Projection commutation,B,research,
354,XXIV,Optics / lenses / bidirectional transformations,Projection inversion where lawful,B,research,
355,XXIV,Optics / lenses / bidirectional transformations,Projection-demand analysis,B,research,
356,XXIV,Optics / lenses / bidirectional transformations,Automatic materialized view synthesis,B,research,
357,XXIV,Optics / lenses / bidirectional transformations,Minimal update propagation,B,research,
358,XXV,Semiring / provenance algebra,Multiple provenance modes over the same graph,C,partial,
359,XXV,Semiring / provenance algebra,Why-provenance,C,partial,
360,XXV,Semiring / provenance algebra,Where-provenance,C,partial,
361,XXV,Semiring / provenance algebra,How-provenance,C,partial,
362,XXV,Semiring / provenance algebra,Weighted provenance,C,partial,
363,XXV,Semiring / provenance algebra,Trust/confidence provenance,C,partial,
364,XXV,Semiring / provenance algebra,Cost provenance,C,partial,
365,XXV,Semiring / provenance algebra,Transformation provenance,C,partial,
366,XXV,Semiring / provenance algebra,Source→machine provenance composition,C,partial,
367,XXV,Semiring / provenance algebra,Incremental provenance update,C,partial,
368,XXV,Semiring / provenance algebra,Proof provenance,C,partial,
369,XXVI,Constraint solving as a universal backend,SAT/SMT for legality,D,protocol,
370,XXVI,Constraint solving as a universal backend,ILP for schedule/resource optimization,D,protocol,
371,XXVI,Constraint solving as a universal backend,Constraint programming for layout/placement,D,protocol,
372,XXVI,Constraint solving as a universal backend,MaxSAT for weighted realization selection,D,protocol,
373,XXVI,Constraint solving as a universal backend,Symbolic execution,D,protocol,
374,XXVI,Constraint solving as a universal backend,Abstract interpretation,D,protocol,
375,XXVI,Constraint solving as a universal backend,Polyhedral solvers,D,protocol,
376,XXVI,Constraint solving as a universal backend,E-graph search,D,protocol,
377,XXVI,Constraint solving as a universal backend,Superoptimizer search,D,protocol,
378,XXVI,Constraint solving as a universal backend,Agent search,D,protocol,
379,XXVII,Scheduling and placement across heterogeneous hardware,CPU big.LITTLE placement,D,research,
380,XXVII,Scheduling and placement across heterogeneous hardware,NUMA placement,D,research,
381,XXVII,Scheduling and placement across heterogeneous hardware,CPU/GPU partition,D,research,
382,XXVII,Scheduling and placement across heterogeneous hardware,CPU/NPU partition,D,research,
383,XXVII,Scheduling and placement across heterogeneous hardware,FPGA offload,D,research,
384,XXVII,Scheduling and placement across heterogeneous hardware,Distributed-node placement,D,research,
385,XXVII,Scheduling and placement across heterogeneous hardware,Memory-tier placement: registers/cache/HBM/DRAM/NVRAM/remote,D,research,
386,XXVII,Scheduling and placement across heterogeneous hardware,Data transfer minimization,D,research,
387,XXVII,Scheduling and placement across heterogeneous hardware,Kernel fusion across devices,D,research,
388,XXVII,Scheduling and placement across heterogeneous hardware,Asynchronous overlap,D,research,
389,XXVII,Scheduling and placement across heterogeneous hardware,Device occupancy modeling,D,research,
390,XXVII,Scheduling and placement across heterogeneous hardware,Energy-aware scheduling,D,research,
391,XXVII,Scheduling and placement across heterogeneous hardware,Thermal-aware scheduling,D,research,
392,XXVII,Scheduling and placement across heterogeneous hardware,Deadline-aware scheduling,D,research,
393,XXVII,Scheduling and placement across heterogeneous hardware,Cost/price-aware cloud scheduling,D,research,
394,XXVIII,Cache/memory hierarchy specialization,Cache-oblivious algorithm candidate generation,D,partial,
395,XXVIII,Cache/memory hierarchy specialization,Cache-aware tiling,D,partial,
396,XXVIII,Cache/memory hierarchy specialization,TLB-aware layout,D,partial,
397,XXVIII,Cache/memory hierarchy specialization,Page-color / hugepage-aware placement where useful,D,partial,
398,XXVIII,Cache/memory hierarchy specialization,Prefetch generation,D,partial,
399,XXVIII,Cache/memory hierarchy specialization,Software-managed cache/scratchpad mapping,D,partial,
400,XXVIII,Cache/memory hierarchy specialization,Hot/cold field splitting,D,partial,
401,XXVIII,Cache/memory hierarchy specialization,Pointer compression,D,partial,
402,XXVIII,Cache/memory hierarchy specialization,Object clustering,D,partial,
403,XXVIII,Cache/memory hierarchy specialization,Structure splitting,D,partial,
404,XXVIII,Cache/memory hierarchy specialization,AoS ↔ SoA ↔ AoSoA selection,D,partial,
405,XXVIII,Cache/memory hierarchy specialization,Compressed indexes,D,partial,
406,XXVIII,Cache/memory hierarchy specialization,NUMA replication vs migration,D,partial,
407,XXVIII,Cache/memory hierarchy specialization,Read-mostly duplication,D,partial,
408,XXVIII,Cache/memory hierarchy specialization,False-sharing avoidance,D,partial,
409,XXIX,Concurrency / parallel semantics,Dependence-based automatic parallelism,C,partial,
410,XXIX,Concurrency / parallel semantics,Effect commutativity,C,partial,
411,XXIX,Concurrency / parallel semantics,Lock elision,C,partial,
412,XXIX,Concurrency / parallel semantics,Lock coarsening/fission,C,partial,
413,XXIX,Concurrency / parallel semantics,Transactional realization,C,partial,
414,XXIX,Concurrency / parallel semantics,Atomic-width narrowing,C,partial,
415,XXIX,Concurrency / parallel semantics,Memory-order weakening to minimum demanded order,C,partial,
416,XXIX,Concurrency / parallel semantics,Ownership-transfer synchronization elimination,C,partial,
417,XXIX,Concurrency / parallel semantics,Task fusion,C,partial,
418,XXIX,Concurrency / parallel semantics,Task granularity tuning,C,partial,
419,XXIX,Concurrency / parallel semantics,Work stealing vs static partition,C,partial,
420,XXIX,Concurrency / parallel semantics,Deterministic execution when demanded,C,partial,
421,XXIX,Concurrency / parallel semantics,Race-freedom proof as realization freedom,C,partial,
422,XXIX,Concurrency / parallel semantics,Parallel reduction associativity derived from relation law,C,partial,
423,XXIX,Concurrency / parallel semantics,Speculative parallelism with rollback,C,partial,
424,XXX,Coroutine / async / continuation specialization,Continuation demand,D,partial,
425,XXX,Coroutine / async / continuation specialization,State-machine minimization,D,partial,
426,XXX,Coroutine / async / continuation specialization,Frame field liveness,D,partial,
427,XXX,Coroutine / async / continuation specialization,Frame scalar replacement,D,partial,
428,XXX,Coroutine / async / continuation specialization,Nonescaping coroutine stack realization,D,partial,
429,XXX,Coroutine / async / continuation specialization,Coroutine fusion,D,partial,
430,XXX,Coroutine / async / continuation specialization,Scheduler removal when execution order sealed,D,partial,
431,XXX,Coroutine / async / continuation specialization,Direct callback conversion,D,partial,
432,XXX,Coroutine / async / continuation specialization,Tail continuation reuse,D,partial,
433,XXX,Coroutine / async / continuation specialization,Async state compression,D,partial,
434,XXX,Coroutine / async / continuation specialization,Cross-await rematerialization vs storage,D,partial,
435,XXXI,Memory management / GC specialization,GC necessity derived from lifetime facts,D,partial,
436,XXXI,Memory management / GC specialization,Region inference,D,partial,
437,XXXI,Memory management / GC specialization,Arena inference,D,partial,
438,XXXI,Memory management / GC specialization,Stack promotion,D,partial,
439,XXXI,Memory management / GC specialization,Reference counting elimination,D,partial,
440,XXXI,Memory management / GC specialization,RC batching,D,partial,
441,XXXI,Memory management / GC specialization,Cycle tracking only where possible cycles exist,D,partial,
442,XXXI,Memory management / GC specialization,Generational placement from lifetime predictions,D,partial,
443,XXXI,Memory management / GC specialization,Tracing scope specialization,D,partial,
444,XXXI,Memory management / GC specialization,Barrier elimination,D,partial,
445,XXXI,Memory management / GC specialization,Pointer map minimization,D,partial,
446,XXXI,Memory management / GC specialization,Custom allocator synthesis,D,partial,
447,XXXI,Memory management / GC specialization,Object pooling where beneficial,D,partial,
448,XXXI,Memory management / GC specialization,Allocation sinking,D,partial,
449,XXXI,Memory management / GC specialization,Allocation hoisting,D,partial,
450,XXXI,Memory management / GC specialization,Allocation removal via recomputation,D,partial,
451,XXXII,Strings / parsing / serialization,Rope vs flat vs view vs static literal selection,D,partial,
452,XXXII,Strings / parsing / serialization,Substring views,D,partial,
453,XXXII,Strings / parsing / serialization,Parser fusion with consumer,D,partial,
454,XXXII,Strings / parsing / serialization,Validation fusion with parse,D,partial,
455,XXXII,Strings / parsing / serialization,Parse only demanded fields,D,partial,
456,XXXII,Strings / parsing / serialization,Lazy decoding,D,partial,
457,XXXII,Strings / parsing / serialization,Direct formatting to sink,D,partial,
458,XXXII,Strings / parsing / serialization,Serializer fusion,D,partial,
459,XXXII,Strings / parsing / serialization,Zero-copy field access,D,partial,
460,XXXII,Strings / parsing / serialization,SIMD lexing/scanning,D,partial,
461,XXXII,Strings / parsing / serialization,Perfect-hash keyword recognition,D,partial,
462,XXXII,Strings / parsing / serialization,Finite automata compilation,D,partial,
463,XXXII,Strings / parsing / serialization,Parser specialization to known grammar,D,partial,
464,XXXII,Strings / parsing / serialization,Protocol parser hardware/vector acceleration,D,partial,
465,XXXII,Strings / parsing / serialization,Schema-aware elision of defaults,D,partial,
466,XXXII,Strings / parsing / serialization,Encoding selection,D,partial,
467,XXXII,Strings / parsing / serialization,Compressed-domain operations without decompression,D,partial,
468,XXXIII,Symbolic / recurrence / algorithmic closed-form optimization,Affine recurrence solving,C,measured,10
469,XXXIII,Symbolic / recurrence / algorithmic closed-form optimization,Polynomial recurrence solving,C,measured,
470,XXXIII,Symbolic / recurrence / algorithmic closed-form optimization,Linear recurrence with constant coefficients,C,measured,
471,XXXIII,Symbolic / recurrence / algorithmic closed-form optimization,Matrix recurrence / exponentiation,C,measured,
472,XXXIII,Symbolic / recurrence / algorithmic closed-form optimization,Finite-state recurrence quotienting,C,measured,
473,XXXIII,Symbolic / recurrence / algorithmic closed-form optimization,Modular/congruence recurrence,C,measured,
474,XXXIII,Symbolic / recurrence / algorithmic closed-form optimization,Monotone fixed-point shortcutting,C,measured,
475,XXXIII,Symbolic / recurrence / algorithmic closed-form optimization,Absorbing-state early termination,C,measured,
476,XXXIII,Symbolic / recurrence / algorithmic closed-form optimization,Idempotent convergence detection,C,measured,
477,XXXIII,Symbolic / recurrence / algorithmic closed-form optimization,Periodic-state detection,C,measured,
478,XXXIII,Symbolic / recurrence / algorithmic closed-form optimization,Closed-form summations,C,measured,
479,XXXIII,Symbolic / recurrence / algorithmic closed-form optimization,Generating-function candidate synthesis,C,measured,
480,XXXIII,Symbolic / recurrence / algorithmic closed-form optimization,Symbolic loop bounds,C,measured,
481,XXXIII,Symbolic / recurrence / algorithmic closed-form optimization,Induction-variable elimination,C,measured,
482,XXXIII,Symbolic / recurrence / algorithmic closed-form optimization,Strength reduction,C,measured,
483,XXXIII,Symbolic / recurrence / algorithmic closed-form optimization,Algorithm substitution from recognized semantics,C,measured,
484,XXXIV,Algorithm selection,Sort vs select/top-k,D,partial,10
485,XXXIV,Algorithm selection,Linear scan vs hash/index,D,partial,
486,XXXIV,Algorithm selection,Hash vs tree vs sorted vector,D,partial,
487,XXXIV,Algorithm selection,Dense vs sparse matrix,D,partial,
488,XXXIV,Algorithm selection,FFT vs direct convolution,D,partial,
489,XXXIV,Algorithm selection,FFT algorithm/factorization selection,D,partial,
490,XXXIV,Algorithm selection,Strassen-like matrix multiplication where worthwhile,D,partial,
491,XXXIV,Algorithm selection,Graph algorithm variants selected by density/topology,D,partial,
492,XXXIV,Algorithm selection,Dynamic programming vs closed form,D,partial,
493,XXXIV,Algorithm selection,Memoization vs recomputation,D,partial,
494,XXXIV,Algorithm selection,Streaming vs batch,D,partial,
495,XXXIV,Algorithm selection,Exact vs approximate,D,partial,
496,XXXIV,Algorithm selection,Precompute vs runtime compute,D,partial,
497,XXXIV,Algorithm selection,Lookup table vs arithmetic,D,partial,
498,XXXIV,Algorithm selection,Static perfect hash vs generic hash,D,partial,
499,XXXIV,Algorithm selection,Specialized parser/table-driven parser,D,partial,
500,XXXIV,Algorithm selection,Vendor library vs generated kernel vs synthesized kernel,D,partial,
501,XXXV,Machine instruction and microarchitecture modeling,Latency/throughput/uop cost,D,protocol,
502,XXXV,Machine instruction and microarchitecture modeling,Port pressure,D,protocol,
503,XXXV,Machine instruction and microarchitecture modeling,Macro/micro fusion,D,protocol,
504,XXXV,Machine instruction and microarchitecture modeling,Instruction encoding size,D,protocol,
505,XXXV,Machine instruction and microarchitecture modeling,Decode width,D,protocol,
506,XXXV,Machine instruction and microarchitecture modeling,uop-cache residency,D,protocol,
507,XXXV,Machine instruction and microarchitecture modeling,Register renaming pressure,D,protocol,
508,XXXV,Machine instruction and microarchitecture modeling,ROB pressure,D,protocol,
509,XXXV,Machine instruction and microarchitecture modeling,Load/store queue pressure,D,protocol,
510,XXXV,Machine instruction and microarchitecture modeling,Branch predictor behavior,D,protocol,
511,XXXV,Machine instruction and microarchitecture modeling,Memory-level parallelism,D,protocol,
512,XXXV,Machine instruction and microarchitecture modeling,Store forwarding,D,protocol,
513,XXXV,Machine instruction and microarchitecture modeling,Partial-register hazards,D,protocol,
514,XXXV,Machine instruction and microarchitecture modeling,Address-generation-unit pressure,D,protocol,
515,XXXV,Machine instruction and microarchitecture modeling,SIMD lane utilization,D,protocol,
516,XXXV,Machine instruction and microarchitecture modeling,Instruction alignment,D,protocol,
517,XXXV,Machine instruction and microarchitecture modeling,Code/data prefetch,D,protocol,
518,XXXV,Machine instruction and microarchitecture modeling,Target-specific idiom formation,D,protocol,
519,XXXV,Machine instruction and microarchitecture modeling,Cross-instruction superoptimization,D,protocol,
520,XXXV,Machine instruction and microarchitecture modeling,Machine cost calibration from measured hardware instead of static tables only,D,protocol,
521,XXXVI,Security-sensitive realization,Constant-time demand,C,partial,
522,XXXVI,Security-sensitive realization,Oblivious memory access demand,C,partial,
523,XXXVI,Security-sensitive realization,Speculation-safe realization,C,partial,
524,XXXVI,Security-sensitive realization,Bounds-check elimination only with proof,C,partial,
525,XXXVI,Security-sensitive realization,Control-flow integrity,C,partial,
526,XXXVI,Security-sensitive realization,Pointer authentication,C,partial,
527,XXXVI,Security-sensitive realization,CHERI capability realization,C,partial,
528,XXXVI,Security-sensitive realization,Memory tagging,C,partial,
529,XXXVI,Security-sensitive realization,Secret/public information-flow facts,C,partial,
530,XXXVI,Security-sensitive realization,Side-channel observation model,C,partial,
531,XXXVI,Security-sensitive realization,Zeroization demand,C,partial,
532,XXXVI,Security-sensitive realization,Secure erasure proof,C,partial,
533,XXXVI,Security-sensitive realization,Sandbox boundary realization,C,partial,
534,XXXVI,Security-sensitive realization,Least-authority world derivation,C,partial,
535,XXXVII,Distributed and remote computation,Relation placement across machines,D,research,
536,XXXVII,Distributed and remote computation,RPC elimination when co-located,D,research,
537,XXXVII,Distributed and remote computation,RPC batching,D,research,
538,XXXVII,Distributed and remote computation,Serialization elimination with shared representation,D,research,
539,XXXVII,Distributed and remote computation,Data locality placement,D,research,
540,XXXVII,Distributed and remote computation,Replication vs remote access,D,research,
541,XXXVII,Distributed and remote computation,Consistency-model demand,D,research,
542,XXXVII,Distributed and remote computation,Fault-tolerance demand,D,research,
543,XXXVII,Distributed and remote computation,Retry/idempotence law use,D,research,
544,XXXVII,Distributed and remote computation,Distributed incremental computation,D,research,
545,XXXVII,Distributed and remote computation,Remote accelerator scheduling,D,research,
546,XXXVII,Distributed and remote computation,Edge/cloud split selection,D,research,
547,XXXVII,Distributed and remote computation,Network cost included in realization economics,D,research,
548,XXXVIII,JIT/AOT continuum,Per-region AOT/JIT selection,D,partial,
549,XXXVIII,JIT/AOT continuum,Baseline fast compiler,D,partial,
550,XXXVIII,JIT/AOT continuum,Optimizing compiler only for valuable regions,D,partial,
551,XXXVIII,JIT/AOT continuum,Profile-triggered recompilation,D,partial,
552,XXXVIII,JIT/AOT continuum,Code cache management,D,partial,
553,XXXVIII,JIT/AOT continuum,Version eviction,D,partial,
554,XXXVIII,JIT/AOT continuum,Multiversioning,D,partial,
555,XXXVIII,JIT/AOT continuum,Guarded deoptimization,D,partial,
556,XXXVIII,JIT/AOT continuum,Ahead-of-time speculative variants,D,partial,
557,XXXVIII,JIT/AOT continuum,Persistent compiled artifacts across runs,D,partial,
558,XXXVIII,JIT/AOT continuum,Cross-machine/fleet specialization caches,D,partial,
559,XXXVIII,JIT/AOT continuum,Install-time specialization,D,partial,
560,XXXVIII,JIT/AOT continuum,Startup-time specialization,D,partial,
561,XXXIX,Compiler compile-time architecture itself,Compiler query evaluation only on demand,E,partial,
562,XXXIX,Compiler compile-time architecture itself,Lazy graph facts,E,partial,
563,XXXIX,Compiler compile-time architecture itself,Compact immutable data structures,E,partial,
564,XXXIX,Compiler compile-time architecture itself,No generic allocation per fact,E,partial,
565,XXXIX,Compiler compile-time architecture itself,Parallel independent graph-region processing,E,partial,
566,XXXIX,Compiler compile-time architecture itself,Work stealing in compiler,E,partial,
567,XXXIX,Compiler compile-time architecture itself,Persistent analysis state,E,partial,
568,XXXIX,Compiler compile-time architecture itself,Incremental semantic graph,E,partial,
569,XXXIX,Compiler compile-time architecture itself,Precompiled grammar/standard law tables,E,partial,
570,XXXIX,Compiler compile-time architecture itself,Fast baseline realization path,E,partial,
571,XXXIX,Compiler compile-time architecture itself,Selective expensive optimization,E,partial,
572,XXXIX,Compiler compile-time architecture itself,Optimization value-of-information,E,partial,
573,XXXIX,Compiler compile-time architecture itself,Cached proof results,E,partial,
574,XXXIX,Compiler compile-time architecture itself,Compiler self-profiling,E,partial,
575,XXXIX,Compiler compile-time architecture itself,Compiler layout/branch optimization because compiler B itself is a hot workload,E,partial,
576,XXXIX,Compiler compile-time architecture itself,Build-server persistence without semantic stale-state risks,E,partial,
577,XXXIX,Compiler compile-time architecture itself,Distributed compilation by exact graph subdependency,E,partial,
578,XL,Agent-native compiler capabilities,Stable semantic ids exposed to agents,A,partial,
579,XL,Agent-native compiler capabilities,Graph-diff instead of textual diff,A,partial,
580,XL,Agent-native compiler capabilities,Semantic patching,A,partial,
581,XL,Agent-native compiler capabilities,Fact-level code review,A,partial,
582,XL,Agent-native compiler capabilities,Agent queries over unresolved facts,A,partial,
583,XL,Agent-native compiler capabilities,Agent-generated candidate transformations,A,partial,
584,XL,Agent-native compiler capabilities,Automatic law discovery suggestions,A,partial,
585,XL,Agent-native compiler capabilities,Counterexample generation,A,partial,
586,XL,Agent-native compiler capabilities,Automatic benchmark generation,A,partial,
587,XL,Agent-native compiler capabilities,Semantic provenance explanations,A,partial,
588,XL,Agent-native compiler capabilities,why / why not realization explanations,A,partial,
589,XL,Agent-native compiler capabilities,Agent checks for duplicated ontology,A,partial,
590,XL,Agent-native compiler capabilities,Agent checks for fact loss,A,partial,
591,XL,Agent-native compiler capabilities,Agent checks for premature materialization,A,partial,
592,XL,Agent-native compiler capabilities,Agent decomposition of compound vocabulary,A,partial,
593,XL,Agent-native compiler capabilities,Automatic SHC ownership-boundary detection,A,partial,
594,XL,Agent-native compiler capabilities,Automatic optimization-debt ranking from physical measurements,A,partial,
595,XL,Agent-native compiler capabilities,"Agents operate on semantic graph/MCP, not grep/text where avoidable",A,partial,
596,XLI,Language-level expressiveness still worth exploring,Effect-polymorphic relations without explicit effect-system ceremony,C,law,
597,XLI,Language-level expressiveness still worth exploring,Descriptor refinement through ordinary facts,C,law,
598,XLI,Language-level expressiveness still worth exploring,Dependent facts / value-dependent descriptors where inferable,C,law,
599,XLI,Language-level expressiveness still worth exploring,Refinement contracts without separate type syntax,C,law,
600,XLI,Language-level expressiveness still worth exploring,Higher-kinded relation composition only if expressible through descriptor/pack laws rather than new syntax,C,law,
601,XLI,Language-level expressiveness still worth exploring,Linear/affine ownership facts without a Rust-like borrow-checker surface,C,law,
602,XLI,Language-level expressiveness still worth exploring,Uniqueness facts,C,law,
603,XLI,Language-level expressiveness still worth exploring,Capability/authority inference,C,law,
604,XLI,Language-level expressiveness still worth exploring,Stage inference,C,law,
605,XLI,Language-level expressiveness still worth exploring,World inference,C,law,
606,XLI,Language-level expressiveness still worth exploring,Automatic relation projection/injection,C,law,
607,XLI,Language-level expressiveness still worth exploring,Bidirectional pattern/relation inversion,C,law,
608,XLI,Language-level expressiveness still worth exploring,Logic programming / relation solving as an ordinary relation capability,C,law,
609,XLI,Language-level expressiveness still worth exploring,Constraint relations,C,law,
610,XLI,Language-level expressiveness still worth exploring,Nondeterministic relation semantics where required,C,law,
611,XLI,Language-level expressiveness still worth exploring,"Search as realization, not language construct",C,law,
612,XLI,Language-level expressiveness still worth exploring,Probabilistic relation lawsets,C,law,
613,XLI,Language-level expressiveness still worth exploring,Reactive/incremental relation lawsets,C,law,
614,XLI,Language-level expressiveness still worth exploring,Distributed relation lawsets,C,law,
615,XLII,Relation algebra specifically,Composition f ∘ g,C,partial,
616,XLII,Relation algebra specifically,Identity relation,C,partial,
617,XLII,Relation algebra specifically,Partial relations,C,partial,
618,XLII,Relation algebra specifically,Total relations,C,partial,
619,XLII,Relation algebra specifically,Inverse relation,C,partial,
620,XLII,Relation algebra specifically,Left/right inverse facts,C,partial,
621,XLII,Relation algebra specifically,Kernel/equivalence induced by relation,C,partial,
622,XLII,Relation algebra specifically,Image/preimage,C,partial,
623,XLII,Relation algebra specifically,Restriction by descriptor/world/demand,C,partial,
624,XLII,Relation algebra specifically,Relation union/intersection where meaningful,C,partial,
625,XLII,Relation algebra specifically,Relation product over packs,C,partial,
626,XLII,Relation algebra specifically,Currying/uncurrying as pack projections,C,partial,
627,XLII,Relation algebra specifically,Associative composition,C,partial,
628,XLII,Relation algebra specifically,Functorial mapping over structure,C,partial,
629,XLII,Relation algebra specifically,Homomorphism facts,C,partial,
630,XLII,Relation algebra specifically,"Natural transformation-like compatibility between descriptor families, if useful without importing category-theory syntax",C,partial,
631,XLII,Relation algebra specifically,Monoidal composition for independent effects/data,C,partial,
632,XLII,Relation algebra specifically,Semiring-like combination for weighted/search relations,C,partial,
633,XLII,Relation algebra specifically,Fixed points,C,partial,
634,XLII,Relation algebra specifically,Least/greatest fixpoint lawsets,C,partial,
635,XLII,Relation algebra specifically,Transitive closure,C,partial,
636,XLII,Relation algebra specifically,Reachability as derived relation,C,partial,
637,XLII,Relation algebra specifically,Adjoint-like relationships where useful for optimization,C,partial,
638,XLII,Relation algebra specifically,Differentiation/change relation,C,partial,
639,XLII,Relation algebra specifically,Refinement ordering between relations,C,partial,
640,XLII,Relation algebra specifically,Equivalence classes of relations under demanded observations,C,partial,
641,XLIII,Injection / projection / interjection algebra specifically,Projection composition,C,partial,
642,XLIII,Injection / projection / interjection algebra specifically,Projection idempotence,C,partial,
643,XLIII,Injection / projection / interjection algebra specifically,Projection commutation,C,partial,
644,XLIII,Injection / projection / interjection algebra specifically,Projection subsumption,C,partial,
645,XLIII,Injection / projection / interjection algebra specifically,Demand-induced projection,C,partial,
646,XLIII,Injection / projection / interjection algebra specifically,Injection composition,C,partial,
647,XLIII,Injection / projection / interjection algebra specifically,Injection compatibility,C,partial,
648,XLIII,Injection / projection / interjection algebra specifically,Injection conflict detection,C,partial,
649,XLIII,Injection / projection / interjection algebra specifically,Injection monotonicity,C,partial,
650,XLIII,Injection / projection / interjection algebra specifically,Injection override/interjection distinction,C,partial,
651,XLIII,Injection / projection / interjection algebra specifically,Interjection scoping,C,partial,
652,XLIII,Injection / projection / interjection algebra specifically,Interjection rollback semantics,C,partial,
653,XLIII,Injection / projection / interjection algebra specifically,World extension law,C,partial,
654,XLIII,Injection / projection / interjection algebra specifically,World restriction law,C,partial,
655,XLIII,Injection / projection / interjection algebra specifically,World quotient under observation,C,partial,
656,XLIII,Injection / projection / interjection algebra specifically,Minimal sufficient world,C,partial,
657,XLIII,Injection / projection / interjection algebra specifically,World dependency closure,C,partial,
658,XLIII,Injection / projection / interjection algebra specifically,Automatic injected-fact propagation,C,partial,
659,XLIII,Injection / projection / interjection algebra specifically,Dead injected-fact elimination,C,partial,
660,XLIII,Injection / projection / interjection algebra specifically,Injection specialization / static erase,C,partial,
661,XLIII,Injection / projection / interjection algebra specifically,Cross-world relation transport,C,partial,
662,XLIII,Injection / projection / interjection algebra specifically,Witness transport across compatible worlds,C,partial,
663,XLIII,Injection / projection / interjection algebra specifically,Authority attenuation under projection,C,partial,
664,XLIII,Injection / projection / interjection algebra specifically,Capability derivation under injection,C,partial,
665,XLIII,Injection / projection / interjection algebra specifically,World merge with exact conflict semantics,C,partial,
666,XLIII,Injection / projection / interjection algebra specifically,Injection cache reuse via exact dependency closure,C,partial,
667,XLIV,Lower-bound / theoretical-computing frontier,Information-theoretic lower bounds,E,partial,20
668,XLIV,Lower-bound / theoretical-computing frontier,Decision-tree lower bounds,E,partial,
669,XLIV,Lower-bound / theoretical-computing frontier,Comparison complexity,E,partial,
670,XLIV,Lower-bound / theoretical-computing frontier,Communication complexity,E,partial,
671,XLIV,Lower-bound / theoretical-computing frontier,I/O complexity / external-memory lower bounds,E,partial,
672,XLIV,Lower-bound / theoretical-computing frontier,Cache-oblivious lower bounds,E,partial,
673,XLIV,Lower-bound / theoretical-computing frontier,Work/span parallel lower bounds,E,partial,
674,XLIV,Lower-bound / theoretical-computing frontier,Circuit depth/area lower bounds,E,partial,
675,XLIV,Lower-bound / theoretical-computing frontier,Streaming-memory lower bounds,E,partial,
676,XLIV,Lower-bound / theoretical-computing frontier,State-complexity lower bounds,E,partial,
677,XLIV,Lower-bound / theoretical-computing frontier,Automata minimization,E,partial,
678,XLIV,Lower-bound / theoretical-computing frontier,Kolmogorov-style compression intuition where computable proxies exist,E,partial,
679,XLIV,Lower-bound / theoretical-computing frontier,Lower bounds from algebraic decision trees,E,partial,
680,XLIV,Lower-bound / theoretical-computing frontier,Graph algorithm conditional lower bounds,E,partial,
681,XLIV,Lower-bound / theoretical-computing frontier,Bit complexity vs word-RAM complexity distinctions,E,partial,
682,XLIV,Lower-bound / theoretical-computing frontier,Energy lower bounds / data movement as dominant physical cost,E,partial,
683,XLIV,Lower-bound / theoretical-computing frontier,Landauer-style irreversibility considerations as theoretical limits,E,partial,
684,XLIV,Lower-bound / theoretical-computing frontier,Communication avoidance as first-class optimization target,E,partial,
685,XLIV,Lower-bound / theoretical-computing frontier,Memory traffic lower bound,E,partial,
686,XLIV,Lower-bound / theoretical-computing frontier,Minimal observation sufficient statistic,E,partial,
687,XLIV,Lower-bound / theoretical-computing frontier,Prove OPTIMAL rather than endlessly trying to beat an impossible floor,E,partial,
688,XLVI,Supercompilation & optimal reduction,Supercompilation / fold-unfold / generalized partial computation,D,research,8
689,XLVI,Supercompilation & optimal reduction,Optimal graph reduction / interaction nets,D,research,
690,XLVII,Relational solving & search taxonomy,Relational execution / running semantics backward,B,research,19
691,XLVII,Relational solving & search taxonomy,Search completeness as a semantic property,C,law,
692,XLVIII,Deductive synthesis & trusted extensibility,Deductive synthesis / proof-directed program construction,D,protocol,
693,XLVIII,Deductive synthesis & trusted extensibility,"Proof-producing optimization extensions, eBPF-style",C,protocol,12
694,XLVIII,Deductive synthesis & trusted extensibility,Compiler extension without enlarging semantic authority,D,protocol,
695,XLIX,"Kernel, OS & syscall boundary",Kernel / OS specialization and unikernel-style elimination,D,research,
696,XLIX,"Kernel, OS & syscall boundary",Compiler ↔ kernel cooperation,D,research,
697,XLIX,"Kernel, OS & syscall boundary",Syscall elimination and syscall fusion,D,research,
698,L,Storage & network topology,Storage-aware compilation,D,research,
699,L,Storage & network topology,Network protocol and topology realization,D,research,
700,LI,Communication & movement complexity,Communication complexity as optimizer guidance,E,partial,
701,LI,Communication & movement complexity,Red/blue pebble / data-movement complexity,E,research,
702,LII,Recompute/store & memoization algebras,Recompute/store as a universal duality,B,protocol,
703,LII,Recompute/store & memoization algebras,Semantic memoization,B,research,
704,LII,Recompute/store & memoization algebras,Observation-relative memoization,B,partial,17
705,LII,Recompute/store & memoization algebras,Semantic caching across different programs,E,protocol,
706,LIII,Minimal sufficient semantics,Minimal sufficient semantics / sufficient statistics,B,partial,1
707,LIII,Minimal sufficient semantics,Automatic discovery of semantic sufficient statistics,B,research,
708,LIII,Minimal sufficient semantics,Information-flow sensitivity as optimization,B,research,
709,LIV,Equivalence machinery beyond expressions,Logical relations as equivalence machinery,C,research,
710,LIV,Equivalence machinery beyond expressions,Bisimulation for stateful/reactive equivalence,C,research,
711,LIV,Equivalence machinery beyond expressions,Trace quotienting,A,research,
712,LV,Temporal logic & automata,Temporal logic as demand/law,C,research,
713,LV,Temporal logic & automata,Protocol/state-machine minimization,D,research,
714,LV,Temporal logic & automata,Symbolic automaton synthesis,D,research,
715,LVI,Parsing realization diversity,Parser derivatives / derivative-based parsing,D,research,
716,LVI,Parsing realization diversity,Parsing expression / automata hybrid selection,D,partial,
717,LVII,Dispatch & succinct structures,Decision-tree synthesis for semantic dispatch,D,research,10
718,LVII,Dispatch & succinct structures,Entropy-optimal dispatch,D,research,
719,LVII,Dispatch & succinct structures,Succinct data structures,D,research,
720,LVII,Dispatch & succinct structures,Learned data structures as candidates,D,protocol,
721,LVII,Dispatch & succinct structures,Learned compilation without learned correctness,D,protocol,
722,LVIII,Learned & uncertain optimization,Meta-learning across compilation history,D,protocol,
723,LVIII,Learned & uncertain optimization,Multi-objective Bayesian optimization,E,research,
724,LVIII,Learned & uncertain optimization,Regret-minimizing compilation,E,research,
725,LVIII,Learned & uncertain optimization,Robust optimization under uncertain profiles,E,research,
726,LIX,"Online, amortized & adaptive representations",Online algorithm realization,C,research,
727,LIX,"Online, amortized & adaptive representations",Competitive-ratio facts,E,research,
728,LIX,"Online, amortized & adaptive representations",Amortized analysis as compiler knowledge,C,research,
729,LIX,"Online, amortized & adaptive representations",Potential-function synthesis,E,research,
730,LIX,"Online, amortized & adaptive representations",Cache-adaptive structures,D,research,
731,LIX,"Online, amortized & adaptive representations",Self-tuning representations,D,research,
732,LIX,"Online, amortized & adaptive representations",Representation hysteresis,D,partial,
733,LIX,"Online, amortized & adaptive representations",Persistent / purely functional representation candidates,D,partial,
734,LX,Ownership & heterogeneous placement,Linear/uniqueness information for destructive update,C,partial,
735,LX,Ownership & heterogeneous placement,Region polymorphism,D,research,
736,LX,Ownership & heterogeneous placement,Ownership-transfer optimization,D,partial,
737,LX,Ownership & heterogeneous placement,Zero-copy through the kernel,D,research,
738,LX,Ownership & heterogeneous placement,Device memory as ordinary place realization,D,research,
739,LX,Ownership & heterogeneous placement,Communication avoiding transformations,D,research,
740,LX,Ownership & heterogeneous placement,Replication as realization,D,research,
741,LX,Ownership & heterogeneous placement,Code specialization for data location,D,research,
742,LXI,"Energy, reliability & debug reconstruction",Energy as an explicit demanded resource,A,research,
743,LXI,"Energy, reliability & debug reconstruction",Thermal constraints,A,research,
744,LXI,"Energy, reliability & debug reconstruction",Wear/endurance constraints,E,research,
745,LXI,"Energy, reliability & debug reconstruction",Reliability / fault tolerance as realization,D,research,
746,LXI,"Energy, reliability & debug reconstruction",Approximate hardware / voltage scaling,D,research,
747,LXI,"Energy, reliability & debug reconstruction",Fault-injection-derived optimization validation,C,protocol,
748,LXI,"Energy, reliability & debug reconstruction",Reversible debugging as semantic reconstruction,B,partial,
749,LXII,Toolchain observation & any-time compilation,Observer virtualization should extend to the entire toolchain,A,partial,
750,LXII,Toolchain observation & any-time compilation,Semantic breakpoints,A,research,
751,LXII,Toolchain observation & any-time compilation,Semantic profiling,A,research,
752,LXII,Toolchain observation & any-time compilation,Cross-version profile correspondence,A,partial,
753,LXII,Toolchain observation & any-time compilation,Profile synthesis from static laws,A,research,
754,LXII,Toolchain observation & any-time compilation,Compile-time hotness estimation,E,research,
755,LXII,Toolchain observation & any-time compilation,Semantic diff-driven compilation priority,E,protocol,
756,LXII,Toolchain observation & any-time compilation,Deadline-aware compiler scheduling,D,partial,
757,LXII,Toolchain observation & any-time compilation,Any-time compilation,D,protocol,
758,LXII,Toolchain observation & any-time compilation,Proof-budgeted compilation,C,protocol,
759,LXIII,Trusted core & semantic linking,Trusted-core minimization,C,research,6
760,LXIII,Trusted core & semantic linking,Proof-carrying foreign libraries,C,protocol,
761,LXIII,Trusted core & semantic linking,Semantic package ecosystem,C,research,
762,LXIII,Trusted core & semantic linking,ABI-less whole-program composition,D,research,
763,LXIII,Trusted core & semantic linking,Semantic linking,D,research,
764,LXIII,Trusted core & semantic linking,Semantic dynamic linking,D,research,
765,LXIII,Trusted core & semantic linking,Hot replacement by semantic compatibility,D,research,
766,LXIII,Trusted core & semantic linking,State migration synthesis,C,research,
767,LXIII,Trusted core & semantic linking,Semantic serialization versioning,C,research,
768,LXIII,Trusted core & semantic linking,Compiler-generated compatibility shims,C,partial,
769,LXIII,Trusted core & semantic linking,Formalized no-op boundary,C,partial,
770,LXIII,Trusted core & semantic linking,Boundary contraction as a general transformation,C,partial,6
771,LXIII,Trusted core & semantic linking,Composition-driven whole-system optimization,D,partial,6
772,LXIII,Trusted core & semantic linking,Cancellation laws across boundaries,C,partial,
773,LXIII,Trusted core & semantic linking,Adjoint/inverse-pair exploitation,C,partial,
774,LXIV,Law & demand algebra extensions,Law induction from implementations,C,research,
775,LXIV,Law & demand algebra extensions,Automatic theorem mining,C,protocol,
776,LXIV,Law & demand algebra extensions,Dynamic law discovery under sealed domains,C,research,
777,LXIV,Law & demand algebra extensions,Law specialization itself,C,partial,
778,LXIV,Law & demand algebra extensions,Proof-directed demand propagation,B,research,
779,LXIV,Law & demand algebra extensions,Algebraic demand synthesis,B,partial,1
780,LXV,"Errors, fairness, resources & topology",Algebra of errors/failure,C,research,
781,LXV,"Errors, fairness, resources & topology",Algebra of nondeterminism,C,research,
782,LXV,"Errors, fairness, resources & topology",Fairness as explicit observation,A,law,
783,LXV,"Errors, fairness, resources & topology",Determinism as a selectable law,C,law,
784,LXV,"Errors, fairness, resources & topology",Reproducibility as a realization constraint,C,law,
785,LXV,"Errors, fairness, resources & topology",Semantic resource types without type-system ceremony,C,law,
786,LXV,"Errors, fairness, resources & topology",Temporal lifetime algebra,C,partial,
787,LXV,"Errors, fairness, resources & topology",Spatial relationship facts,D,research,
788,LXV,"Errors, fairness, resources & topology",Topology-aware world algebra,D,research,
789,LXV,"Errors, fairness, resources & topology",Compiler-generated topology abstractions,D,research,
790,LXVI,Distributed & edge realization,Automatic distributed partitioning from dependency cuts,D,research,
791,LXVI,Distributed & edge realization,Distributed fusion,D,research,
792,LXVI,Distributed & edge realization,Compute migration vs data migration choice,D,research,
793,LXVI,Distributed & edge realization,Edge/server/client split as realization,D,research,
794,LXVII,"Privacy, crypto & secure compilation",Privacy as world/demand fact,C,law,
795,LXVII,"Privacy, crypto & secure compilation",Differential privacy optimization,D,research,
796,LXVII,"Privacy, crypto & secure compilation",Cryptographic realization selection,D,research,
797,LXVII,"Privacy, crypto & secure compilation",Homomorphic / MPC realization,D,research,
798,LXVII,"Privacy, crypto & secure compilation",Enclave realization,D,research,
799,LXVII,"Privacy, crypto & secure compilation",Verified secure compilation,C,research,
800,LXVIII,Generalization & semantic factoring,Anti-unification and automatic semantic generalization,C,research,3
801,LXVIII,Generalization & semantic factoring,Semantic factoring / minimum-description compiler state,C,research,2
802,LXVIII,Generalization & semantic factoring,Specialization explosion control through semantic factoring,D,partial,
803,LXVIII,Generalization & semantic factoring,Semantic clone merging,C,research,
804,LXVIII,Generalization & semantic factoring,Semantic outlining,D,partial,
805,LXIX,Granularity algebra,Algebra of granularity,D,research,
806,LXIX,Granularity algebra,Granularity conversion elimination,D,partial,
807,LXX,Dimensional & shape semantics,Dimensional/unit semantics,C,research,
808,LXX,Dimensional & shape semantics,Symbolic dimensional analysis for hardware,D,research,
809,LXX,Dimensional & shape semantics,Shape polymorphism without tensor ontology,C,research,
810,LXX,Dimensional & shape semantics,Tensor contraction planning,D,research,
811,LXX,Dimensional & shape semantics,Sparse computation algebra,D,research,
812,LXX,Dimensional & shape semantics,Structural zeros as non-values,B,partial,
813,LXXI,Symmetry & group quotienting,Symmetry exploitation,A,research,
814,LXXI,Symmetry & group quotienting,Group-action quotienting,A,research,
815,LXXI,Symmetry & group quotienting,Canonical representative synthesis,C,research,8
816,LXXII,Abstraction & adjustable precision,State-space reduction from invariants,C,research,
817,LXXII,Abstraction & adjustable precision,Abstract-state minimization,E,research,
818,LXXII,Abstraction & adjustable precision,Predicate abstraction,B,research,
819,LXXII,Abstraction & adjustable precision,Counterexample-guided abstraction refinement,C,protocol,
820,LXXII,Abstraction & adjustable precision,Precision as a compiler resource,E,partial,
821,LXXII,Abstraction & adjustable precision,Lazy precision refinement,B,partial,
822,LXXIII,Compiler self-query optimization,Semantic query planning for the compiler itself,E,partial,
823,LXXIII,Compiler self-query optimization,Analysis fusion,E,partial,6
824,LXXIII,Compiler self-query optimization,Analysis sharing across optimizations,E,partial,
825,LXXIV,Negative knowledge & contradiction,Semantic negative knowledge,C,partial,
826,LXXIV,Negative knowledge & contradiction,Exclusion sets,C,partial,5
827,LXXIV,Negative knowledge & contradiction,Contradiction as a first-class result,C,law,
828,LXXIV,Negative knowledge & contradiction,Unsatisfiable-core extraction,C,protocol,5
829,LXXIV,Negative knowledge & contradiction,Explanation-minimal compilation diagnostics,A,partial,
830,LXXIV,Negative knowledge & contradiction,Optimization refusal minimization,D,partial,4
831,LXXV,Guard synthesis & optimization,Minimal guard synthesis,D,partial,4
832,LXXV,Guard synthesis & optimization,Guard sharing,D,partial,
833,LXXV,Guard synthesis & optimization,Guard implication,C,partial,
834,LXXV,Guard synthesis & optimization,Guard ordering optimization,D,partial,
835,LXXV,Guard synthesis & optimization,Guard elimination from profile/world sealing,D,partial,
836,LXXV,Guard synthesis & optimization,Proof-directed guard removal,D,protocol,
837,LXXVI,Semantic multiversioning,Semantic multiversioning,D,partial,
838,LXXVI,Semantic multiversioning,Version lattice,D,partial,
839,LXXVI,Semantic multiversioning,Version subsumption,D,partial,
840,LXXVI,Semantic multiversioning,Version synthesis from observed fact clusters,D,protocol,
841,LXXVI,Semantic multiversioning,Version migration across program revisions,C,protocol,
842,LXXVI,Semantic multiversioning,Dynamic semantic patching,D,protocol,
843,LXXVII,Runtime phase & representation migration,Hot-code relocation,D,partial,
844,LXXVII,Runtime phase & representation migration,Hot-data relocation,D,partial,
845,LXXVII,Runtime phase & representation migration,Runtime representation migration,D,partial,
846,LXXVII,Runtime phase & representation migration,Phase detection,A,research,
847,LXXVII,Runtime phase & representation migration,Freeze-point inference,C,research,
848,LXXVII,Runtime phase & representation migration,Initialization/runtime phase separation,D,partial,
849,LXXVII,Runtime phase & representation migration,Destructive initialization,D,research,
850,LXXVIII,Fact liveness & compiler memory,Ephemeral semantic facts,E,partial,
851,LXXVIII,Fact liveness & compiler memory,Fact liveness,E,partial,
852,LXXVIII,Fact liveness & compiler memory,Proof liveness,E,partial,7
853,LXXVIII,Fact liveness & compiler memory,Provenance liveness,E,partial,
854,LXXVIII,Fact liveness & compiler memory,Semantic cold storage,E,research,
855,LXXVIII,Fact liveness & compiler memory,Fact recomputation versus retention,E,partial,
856,LXXVIII,Fact liveness & compiler memory,Compile-time memory hierarchy,E,research,
857,LXXVIII,Fact liveness & compiler memory,Semantic prefetching,E,research,
858,LXXIX,Compiler self-realization,Layout autotuning for the compiler graph,E,research,
859,LXXIX,Compiler self-realization,Target-specific compiler realization,E,partial,
860,LXXIX,Compiler self-realization,Self-specializing compiler B,E,partial,
861,LXXIX,Compiler self-realization,Compiler feature DCE,E,partial,
862,LXXIX,Compiler self-realization,Compiler staging,E,partial,
863,LXXIX,Compiler self-realization,Compiler snapshot image,E,research,
864,LXXIX,Compiler self-realization,Zero-deserialization compiler startup,E,research,
865,LXXIX,Compiler self-realization,Shared compiler semantic pages,E,research,
866,LXXIX,Compiler self-realization,Persistent compiler daemon as merely another realization,E,partial,
867,LXXIX,Compiler self-realization,Fork-friendly compiler state,E,research,
868,LXXX,Distributed & untrusted compilation,Deterministic parallel semantic evaluation,C,protocol,
869,LXXX,Distributed & untrusted compilation,Deterministic IDs without hash identity,C,law,
870,LXXX,Distributed & untrusted compilation,Canonical serialization of semantic graph,C,protocol,
871,LXXX,Distributed & untrusted compilation,Merkle acceleration without Merkle identity,C,protocol,
872,LXXX,Distributed & untrusted compilation,Proof-carrying distributed compilation,D,protocol,
873,LXXX,Distributed & untrusted compilation,Untrusted build farm,D,protocol,9
874,LXXX,Distributed & untrusted compilation,Optimization marketplace,D,protocol,
875,LXXX,Distributed & untrusted compilation,Hardware vendor semantic providers,D,protocol,
